name,phone no,emai id
Alice Johnson,555-123-4567,alice.johnson@example.com
Bob Smith,555-234-5678,bob.smith@example.com
Carol Williams,555-345-6789,carol.williams@example.com
David Brown,555-456-7890,david.brown@example.com
Eva Davis,555-567-8901,eva.davis@example.com
Frank Miller,555-678-9012,frank.miller@example.com
Grace Wilson,555-789-0123,grace.wilson@example.com
Henry Moore,555-890-1234,henry.moore@example.com
Ivy Taylor,555-901-2345,ivy.taylor@example.com
Jack Anderson,555-012-3456,jack.anderson@example.com
Karen Thomas,555-123-4568,karen.thomas@example.com
Leo Jackson,555-234-5679,leo.jackson@example.com
Mia White,555-345-6780,mia.white@example.com
Nathan Harris,555-456-7891,nathan.harris@example.com
Olivia Martin,555-567-8902,olivia.martin@example.com
Paul Thompson,555-678-9013,paul.thompson@example.com
Quinn Garcia,555-789-0124,quinn.garcia@example.com
Rachel Martinez,555-890-1235,rachel.martinez@example.com
Sam Robinson,555-901-2346,sam.robinson@example.com
Tina Clark,555-012-3457,tina.clark@example.com
Uma Rodriguez,555-123-4569,uma.rodriguez@example.com
Victor Lewis,555-234-5670,victor.lewis@example.com
Wendy Lee,555-345-6781,wendy.lee@example.com
Xander Walker,555-456-7892,xander.walker@example.com
Yara Hall,555-567-8903,yara.hall@example.com
Zane Allen,555-678-9014,zane.allen@example.com
Amy Young,555-789-0125,amy.young@example.com
Brian King,555-890-1236,brian.king@example.com
Cindy Scott,555-901-2347,cindy.scott@example.com
Derek Green,555-012-3458,derek.green@example.com
